PDB_ID;Sequence
6CZG_A.pdb;GSSMCRAASLLPGTWQVTMTNEDGQTSQGQMHFQPRSPYTLDVKAQGTISDGRPISGKGKVTCKTPDTMDVDITYPSLGNMKVQGQLTLDSPTQFKFDGTTSDGSKLTGTLQRQE
6CZJ_A.pdb;SALAQQLPGTWKMDVTSEDGVRTTGQMHIQPKTPTTMDVTLTGTHADGKPFTGQGKITVKTPTTVDITVTYEDGSTATGQLTVDSPTQFKFDMTASDGTRFTGTVQRQS
6CZH_A.pdb;MSRAAQLLPGTWQVTMTNEDGQTSQGQMHFQPRSPYTLDIVAQGTISDGRPITGYGKVTVKTDDTLHVNITYPSLGNIKVQGQITMDSPTQATWNSTTSDGKKLTGTLQRQE
6CZI_A.pdb;MSRAAQLLPGTWQVTMTNEDGQTSQGQWHFQPRSPYTLDIVAQGTISDGRPITGYGKATVKTDDTLHANLTYPSLGNIKAQGQITYDSPTQFTWNSTTSDGKKLTGTLQRQE
4RLC_A.pdb;ANVRLQHHHHHHHLEQGQNSVEIEAFGKRYFTDSVRNMKNADLYGGSIGYFLTDDVELALSYGEYHDVRGTYETGNKKVHGNLTSLDAIYHFGTPGVGLRPYVSAGLAHQNITNINSDSQGRQQMTMANIGAGLKYYFTENFFAKASLDGQYGLEKRDNGHQGEWMAGLGVGFNF
5EE2_A.pdb;GPGSTPETALSKGKITYQVWGIRVRNGQFVTSSYTPPKSGSYYGTLANTPVLSFITANFNSNTLAGKILGNSDYGPDVDIQNATITGPTFSGDATSGGKSGKLEGKFFGKFASTRSSEVSIGGKITFDGDRSLDTVFGGVSYEKKLDDTSQDTNHLTKQ
5G38_A.pdb;CPTLDDTARGAYPIDSSQTYRIARLCLQPTTFLVKENGEFVPTKLVTRETTSLDQIQGELKVNSDGSLTFVEEDGIDFQPVTVQMAGGERIPLLFTVKNLVASTQPNVTSITTSTDFKGEFNVNGTKGQISLNVAKVDGRTGEIAGTFESEQLSNGHEVKIQGVFYASIEPA
6DOT_A.pdb;MVDAAQYFPGTWEFRFRSSDGKEYRGTVEMQPRTPTEIEIRFKGQSSDGRPVEGRGSIEVRSPYEYRFEMQSSDGARWEGTLQVRSPDSVEVRFKSSDGREYSGEFRRQEGSLEHHHHHH
1G74_A.pdb;CDAFVGTWKLVSSENFDDYMKEVGVGFATRKVAGMAKPNMIISVNGDLVTIRSESTFKNTEISFKLGVEFDEETVDGRKVKSIITLDGGALVQVQKWDGKSTTIKRKRDGDKLVVECVMKGVTSTRVYERA
1DC9_A.pdb;AFDGTWKVDRNENYEKFMEKMGINVVKRKLGAHDNLKLTITQEGNKFTVKESSNFRNIDNVFELGVDFAYSLADGTELTGTWTMEGNKLVGKFKRVDNGKELIAVREISGNELIQTYTYEGVEAKRIFKKE
1G79_A.pdb;CDAFVGTWKLVSSENFDDYMKEVGVGFATRKVAGMAKPNMIISVNGDLVTIRSESTFKNTEISFKLGVEFDEETVDGRKVKSIITLDGGALVQVQKWDGKSTTIKRKRDGDKLVVECVMKGVTSTRVYERA
5G3A_A.pdb;CPTLDDTARGAYPIDSSQTYRIARLCLQPTTFLVKENGEFVPTKLVTRETTSLDQIQGELKVNSDGSLTFVEEDGIDFQPVTVQMAGGERIPLLFTVKNLVASTQPNVTSITTSTDFKGEFNVNGTKGQISLNVAKVDGRTGEIAGTFESEQLSNGHEVKIQGVFYASIEPA
5G39_A.pdb;CPTLDDTARGAYPIDSSQTYRIARLCLQPTTFLVKENGEFVPTKLVTRETTSLDQIQGELKVNSDGSLTFVEEDGIDFQPVTVQMAGGERIPLLFTVKNLVASTQPNVTSITTSTDFKGEFNVNGTKGQISLNVAKVDGRTGEIAGTFESEQLSNGHEVKIQGVFYASIEPA
2QOM_A.pdb;NLNKRMGDLRDINGEAGAWARIMSGTGSASGGFSDNYTHVQVGVDKKHELDGLDLFTGFTVTHTDSSASADVFSGKTKSVGAGLYASAMFDSGAYIDLIGKYVHHDNEYTATFAGLGTRDYSTHSWYAGAEAGYRYHVTEDAWIEPQAELVYGSVSGKQFAWKDQGMHLSMKDKDYNPLIGRTGVDVGKSFSGKDWKVTARAGLGYQFDLLANGETVLRDASGEKRIKGEKDSRMLMSVGLNAEIRDNVRFGLEFEKSAFGKYNVDNAVNANFRYSFGSHHHHHH
4K3C_A.pdb;YNISEMRIIGDTQKLDNELNQLLTHFKAGQLFRKTELSIIEEQIKQILGDRGYGSAKVDLYPKFNEEDHTVQINFIVDAGRRIYVRKIRFEGNDVTADSTLRREMRQQEGAWLSTSAVSLAKSRLERTGFYETVEMSMPTVKNTDDQVDIIYKIKERNTGSINFGVGYGSGSGLSYNAGITQDNFLGMGSSLGLNGSRNTDSTNVNLSYTEPYFTKDGVSLGGNIFYEDYDNSARKASAAYKRKTYGASGTLGFPVDENNSYYLGLGYTHDKLRNVEREYTREKYVNSMKFPINPQNSHYDRIQSADFDLSFGWNYNNLNRGYFPTAGSSANISGKLTLPGSDNKYYQVGTNFSGYIPLNSEHKWVIATKGGLAYTNSFGGKEVPFYQLYSAGGMGSLRGFAGGSIGPKAIYYREDGFKAPSQDVIGGNAMVNASLELIIPAPFISDKYQHNVRTSVFVDAATVWNTKWKQSKADYPNLPDFGDYKRVRASAGIALQWQSPIGPLSFSYAKPIKKYAGDEIEQFQFTVGSTF
6FSU_A.pdb;MGSSHHHHHHSSGENLYFQHMRNTGSFNFGIGYGTESGVSFQAGVQQDNWLGTGYAVGINGTKNDYQTYAELSVTNPYFTVDGVSLGGRLFYNDFQADDADLSDYTNKSYGTDVTLGFPINEYNSLRAGLGYVHNSLSNMQPQVAMWRYLYSMGEHPSTSDQDNSFKTDDFTFNYGWTYNKLDRGYFPTDGSRVNLTGKVTIPGSDNEYYKVTLDTATYVPIDDDHKWVVLGRTRWGYGDGLGGKEMPFYENFYAGGSSTVRGFQSNTIGPKAVYFPHQASNYDPDYDYESATQDGAKDLSKSDDAVGGNAMAVASLEFITPTPFISDKYANSVRTSFFWDMGTVWDTNWDSSQYSGYPDYSDPSNIRMSAGIALQWMSPLGPLVFSYAQPFKKYDGDKAEQFQFNIGKTWMENVALDFS